Criterion,Variance,Rank
Bio 750 Words,0.7564102564102564,1
Personal Bio Photo,0.7435897435897436,2
Doc And Slides,0.6025641025641025,3
Bio References,0.42307692307692313,4
Image Citations,0.4102564102564101,5
10 Buildings With Images,0.3974358974358976,6
Image Quality,0.2564102564102563,7
Image Relevance,0.19230769230769248,8
Architect Chosen,0.07692307692307691,9
Bio Structure,0.0,10
Presentation Polish,0.0,10
